feature_0,feature_1,feature_2,feature_3,feature_4,feature_5,target
2.392666524830164843e-01,3.750679109473042949e-02,5.404013071354292208e-01,6.203027502687936678e-01,8.342291038798108627e-01,2.916627111903916658e-01,1.111104170042536765e+01
6.320574668372580529e-02,3.320607681277089052e-01,5.062994750075422434e-01,3.341241312119758167e-02,9.152471683960083926e-02,9.528817702156593406e-01,1.000498472847476705e+01
6.807288729236617986e-01,2.825943663131600392e-01,9.088542084124292542e-01,5.771849425067865358e-02,2.882886778196611655e-01,5.128710841018373490e-01,1.107967864995328711e+01
1.752592362932280379e-01,5.331067627649498375e-01,7.755944892688141357e-01,4.682958331899328419e-01,2.514846046111385292e-02,8.575221011004063865e-02,1.105903339875901281e+01
2.374189640506230159e-02,3.812579934679926064e-01,9.264392413433532036e-01,9.071519748843396291e-01,3.193434175101372841e-01,9.744983333434484862e-01,1.172484465597995573e+01
6.134651901412603303e-01,9.039823598474571176e-01,9.517318583726478431e-01,8.454768728183706950e-01,9.362658127050244028e-01,9.002808913636960453e-01,1.244583931258357978e+01
7.548423060458769873e-01,5.681774748746355463e-01,6.473490339248118008e-01,6.984995997250224020e-01,2.933601085182667711e-01,3.478412167949112010e-01,1.184501236464730489e+01
6.855972975817151704e-01,2.838658392343342829e-01,7.749277567115880894e-01,1.718607292355597282e-01,3.984631710562889229e-01,9.343598230601534160e-01,1.136519772430280995e+01
3.453937370142363683e-01,5.725144024132164944e-01,6.776955562708053549e-02,8.852428586908024366e-01,6.578324540528579512e-02,2.511849084662067799e-01,1.109989382689510151e+01
2.754139934170735105e-01,6.990140522770514897e-01,1.956093517866049902e-01,8.927209209177814353e-01,7.465293077459850268e-01,6.779695847771306516e-01,1.218222990595708666e+01
7.858742726155747427e-01,9.649484222954651802e-02,1.316917208896022373e-01,8.837757220216325704e-01,9.163018707695747000e-01,7.805903917475188747e-01,1.166470662445008522e+01
3.233724418744360340e-01,7.520065858546164383e-01,6.997386955161472022e-01,7.484439850969063501e-01,3.643305603666093795e-01,5.128567785582546223e-01,1.146818592070857790e+01
8.241147847261051096e-01,7.876837329172253765e-01,1.103100680867413752e-01,3.722885924162264715e-01,3.303505275000296892e-01,6.228738090445687936e-01,1.165092336181628063e+01
5.998406325245985160e-01,9.002196682287898488e-01,1.267530852701196364e-01,2.448353822668171142e-01,6.379328892259782391e-01,1.617808005046968978e-01,1.154229311277819114e+01
4.997710592535357099e-01,6.302308916759583601e-01,7.105682559652127805e-01,9.731503535838248453e-01,6.669912147532330859e-02,9.505520187844465063e-01,1.190393931455593268e+01
2.273736508380829191e-01,5.182998537374247094e-01,4.661411609656246346e-01,8.443698943121068501e-01,7.316062407336894058e-01,1.285899738148882365e-01,1.225996155713759350e+01
2.804529293625679376e-01,2.912461791463927252e-01,1.031312283299640198e-01,8.989080661861914567e-01,1.028872758833834222e-01,3.618201472603977953e-01,1.100627513115601275e+01
2.429506406321957357e-02,3.837958685110690604e-01,5.117571369659212888e-02,7.557317113509502970e-01,2.184301027242879778e-01,8.309666865835754201e-01,1.114788327163499204e+01
3.061949646578165929e-02,2.083562785372099491e-01,4.565158910362921985e-01,8.852122735462275571e-01,9.448258824673491096e-01,7.564727655512681892e-02,1.164029600611395665e+01
8.461359261243036611e-01,6.122098859821409889e-01,8.735109820155700922e-01,7.306037940208595094e-01,2.873268020576177362e-01,5.683199524023556659e-01,1.162938876298303015e+01
5.483351711054369471e-01,9.344738531238145907e-01,3.867455244214030863e-01,3.106702038092515883e-01,5.612767117417729601e-01,8.953222806633399644e-01,1.180676940553394694e+01
7.419332495424061369e-01,7.391056240347574358e-01,5.343261988909852045e-01,2.501664687535739562e-01,8.439160159860013000e-01,1.873885062787756794e-01,1.222675264666718142e+01
3.928301461499230651e-01,2.105476534655773557e-01,9.276953121175705030e-01,3.527174571410409687e-01,6.741560480266785005e-01,5.802323261796435983e-01,1.162519832119684615e+01
9.310185489695416150e-01,2.357466168451514132e-01,4.497510712256294063e-01,6.302198278318716929e-01,9.091837844491208465e-01,3.623201132914507516e-01,1.171968269366223048e+01
2.161699506788949954e-01,6.288629011574442540e-02,7.696866985951240636e-01,2.085294039019656154e-01,4.219325794774297922e-01,3.743388599442629694e-01,1.165133215863521166e+01
3.692555845747688137e-01,5.019332407490573189e-01,1.002759764433613920e-02,7.494258006234000291e-02,4.171803589258814560e-01,6.262765253628465034e-01,1.107562159619050313e+01
4.828313360037742585e-01,9.640970965162616313e-01,5.063435289902784575e-01,8.943214018496906670e-01,4.899158452381616735e-01,4.428129014566543065e-01,1.189126757791978406e+01
2.356389620571696097e-01,1.331903516906763896e-01,9.437524694304898487e-01,7.014369411164671497e-01,8.492132660554795320e-01,4.900568471023358796e-02,1.097317927221379286e+01
9.130135477237381059e-01,7.974484303232816096e-01,1.304651327145198714e-01,3.258523263863735142e-01,5.141568695266740541e-02,3.118933452527712369e-01,1.067669253996125889e+01
5.796104297557729268e-01,9.485894463181288039e-01,5.544844116908265175e-02,4.657386904835782993e-01,6.033074136970594248e-01,1.511440348737529416e-01,1.111512281642000843e+01
4.141971561512781674e-01,2.816170997554509059e-01,3.657038191032713215e-01,2.819231156060261201e-01,3.377528495373021133e-01,8.963407669874898787e-01,1.107741202058800845e+01
7.063413192458449785e-01,8.360961404220834670e-01,9.879584780295272983e-01,5.163143334796801431e-01,6.715573188707703034e-01,5.351431680507054978e-01,1.228736641833574694e+01
5.518979666929547667e-01,6.248486071639505202e-01,1.297166876058235552e-01,3.692008019696925158e-01,7.604590016527684737e-01,3.947850088527983248e-01,1.232460858462175146e+01
7.330574222082654190e-01,5.325845070653838498e-01,2.645804719700430852e-01,5.009991954849811746e-01,6.464334959542805681e-01,7.790175920465728376e-01,1.166334187424484803e+01
4.185960506461587904e-01,9.387229329985702364e-02,2.492010733726611749e-01,1.411070464522888868e-01,6.490807654153019080e-01,3.055389841876684498e-01,1.118366186057189893e+01
1.114302257340807900e-01,2.120986163172059458e-01,8.305119518954849900e-01,3.041894174832023845e-01,9.162591529527712719e-01,5.216937526223436317e-01,1.159248718203303596e+01
8.971822132517753845e-01,1.194944579253391925e-01,2.363952384976186760e-02,4.136772099894278076e-01,8.053652368718450250e-01,5.008424728287971250e-01,1.230765613630811117e+01
8.805422384076528886e-01,8.404162730467047426e-01,5.972503289812207683e-01,8.196486178537032430e-02,8.503125195824349225e-01,3.442006714650920340e-01,1.191282624973403870e+01
2.409165447790360126e-01,3.012336129296411258e-03,6.669035693519249630e-01,7.343289477210813709e-01,8.648147870914977275e-01,6.889618963470708346e-01,1.145277240852957412e+01
3.241903696051665618e-01,8.057899822280075730e-01,2.703330113812082436e-01,4.394789135421599546e-01,2.239445770846679729e-01,1.985683662076975775e-01,1.057187519508690876e+01
3.272287942916477510e-01,9.326629428550873291e-01,3.099561219357660491e-01,7.011228189972786851e-01,5.612281078775026577e-01,5.978999133279814249e-01,1.180386188034394301e+01
4.401155888476233624e-01,9.959069913093988591e-01,6.380440938786604566e-01,5.444165055228253891e-01,3.140275034805395382e-01,5.173471897670104402e-01,1.195816002625393537e+01
7.583205091916299656e-01,8.297456405165209992e-01,5.794040351661815524e-01,9.740797114016574998e-01,6.589680182550168297e-01,7.378378407507628634e-01,1.211728110369027434e+01
1.309171976931601256e-01,9.856594058558234561e-01,5.389405155035165151e-02,5.595062373120475163e-01,6.485251996767470439e-01,2.131578851118342000e-01,1.133204552881479543e+01
4.475834348064787749e-01,3.926792384837080041e-01,8.285064723360990868e-02,7.393564575474532719e-01,9.388241998870243687e-01,9.918086899405971213e-01,1.211197188990577445e+01
3.904429010780051668e-01,5.195439875572210875e-01,6.125940548851730449e-01,8.082991880865494361e-01,4.803349155751082122e-01,4.455386584384749549e-01,1.105892125135258119e+01
6.641020307147252888e-01,8.591941894023314985e-01,9.176398409992657657e-01,5.209549992447928268e-01,1.263112839194596715e-01,4.175582029430990882e-02,1.224158501135768695e+01
3.007320387531471351e-01,4.091847692267686076e-01,6.965627195849793951e-01,6.149537046267783413e-02,5.669181455427940719e-02,2.045555030209030845e-01,1.115468190692146777e+01
9.553783469241727833e-02,5.519799551249922054e-01,5.814620701559846117e-01,4.467714383640332132e-01,1.877603424031570878e-01,8.703294986618762552e-01,1.120373927691184335e+01
2.123819373746909100e-01,3.382861692264391706e-01,8.138417525129167940e-01,5.492981548540717407e-01,5.439250106433947130e-01,2.757110457524550862e-01,1.189286167036507535e+01
3.184055555439919694e-01,9.594636010877678478e-01,8.959633602461904989e-01,4.694100673894551212e-01,3.289023537523327878e-01,2.698376256054787481e-01,1.114982272623390713e+01
7.030424102077803550e-01,3.133326165259847640e-01,7.606227361710140578e-01,9.549636393728362371e-01,3.092973936338955232e-01,2.636478971959166362e-02,1.145362543327300031e+01
7.536647714412997301e-01,3.633857566796805383e-02,7.575294408256449952e-02,6.199301550306566266e-01,4.213124077309152726e-01,7.012656872721948487e-01,1.152481973766477630e+01
4.568756697898223029e-01,4.563354804468811032e-02,4.985741992773037312e-01,8.522284946768621250e-01,4.656919121758026359e-01,7.056671938724301540e-01,1.099358813559393155e+01
2.274101717061099981e-01,1.473115484681541965e-03,1.370449351094352730e-01,3.292961071329927325e-01,7.096264388183565197e-01,3.543704772503271094e-01,1.077233569114700806e+01
5.856858294580730151e-01,6.823384107750654071e-01,4.081569993741518410e-02,3.390229065017204002e-01,7.731089495630564246e-01,8.974313748578121031e-01,1.145519952517385853e+01
3.480642374346539780e-01,1.285985626155830008e-01,2.940327488047287385e-01,6.503720274952913272e-01,9.531585641120040586e-01,1.132848814879946486e-01,1.160219269643945594e+01
6.574280997965591400e-01,8.026320014783588919e-01,4.983983823556712434e-01,8.836976076185172335e-01,5.430077695200558052e-01,5.804909231925897695e-01,1.214947412675428495e+01
5.064120472927380323e-01,5.596262855437247330e-01,8.571122911028022928e-01,7.050199009092998903e-01,9.749408908978637323e-01,5.982260340708625002e-01,1.206521251388153182e+01
3.139233075872066570e-01,9.015012009741704135e-01,6.889983453965721205e-01,2.946686060968369825e-01,8.616606054130865333e-01,9.524971203701321221e-01,1.201805375218901339e+01
9.677892884205188118e-01,7.465321520120039578e-01,5.452238555543905685e-01,4.001659512043853617e-01,4.167802312980251056e-02,9.393511698721022096e-01,1.166322064934960778e+01
3.365620614122309950e-01,7.722106944478034363e-01,7.827005108825714208e-01,9.931590382821575691e-01,3.378889742075161795e-01,1.156626811874028604e-01,1.216373966348669100e+01
1.683494523516460006e-03,1.576159197498552267e-01,3.756155700997771962e-01,8.211891544568737933e-01,9.355414552877514556e-01,3.681917095009274998e-01,1.193238331730171353e+01
7.256609213591849183e-01,4.908718915488941015e-02,8.126075613545187259e-01,1.491096980376855896e-01,7.630106443828512663e-01,7.510748751302851467e-01,1.157494681842631756e+01
1.107967079358550544e-01,1.705512803088664597e-01,6.217160680963560448e-01,2.646694622769247829e-01,8.925422831157633352e-01,5.040303809624123721e-01,1.155286617214778566e+01
7.855795012819022372e-02,2.668675682737936539e-01,1.890496208149226032e-01,7.902353571137786803e-01,1.290821894617668608e-01,5.612453286819748532e-01,1.079132025292039643e+01
5.076796467292876702e-01,9.625964990920005127e-01,3.655786190291383519e-01,2.607042066566055416e-01,5.468918664378451533e-01,6.772394552149738622e-01,1.192917818969596944e+01
9.862861213751538125e-01,7.397148821750529901e-01,1.087054004724434808e-01,7.315878389931765868e-01,4.155154113814674144e-02,2.529597656374027448e-02,1.159394884502728296e+01
3.980689895879198081e-01,5.355371857176238759e-01,5.736201334284415365e-01,1.363813380760144911e-01,8.118215043423002708e-01,4.582955455509565290e-01,1.203953260597514330e+01
4.769346970756283000e-02,6.097355007940864491e-01,1.562933568545442631e-01,6.825709472174709136e-01,5.936274584003076171e-01,2.591278734535024109e-01,1.086008149620016638e+01
9.861437683471603322e-01,6.751284557733686631e-01,1.163593584857071095e-01,7.207354765097880867e-01,2.462785648223090318e-01,2.235052052042746373e-01,1.255396986638734269e+01
8.365550330195148376e-02,1.857809618602334067e-01,8.047054368442622119e-01,2.299313454834088777e-01,3.957217421564908078e-01,6.211775574787615772e-01,1.087993461020612429e+01
5.709643331230868091e-01,8.140233205598207400e-01,1.242229745115058792e-01,2.261168864015504765e-01,1.232212494463293950e-01,8.533915185494889144e-01,1.092323865491188251e+01
9.418391851007976712e-01,2.241338810378407098e-01,1.928997063215520669e-02,4.526261304524462625e-01,3.754503859209668004e-02,8.044501898571897458e-01,1.111007315649809613e+01
6.046203151712865598e-01,3.980906682247816741e-01,1.909404204155671358e-01,6.204040113332059958e-01,8.285772102650750259e-01,2.265447593172370544e-01,1.188335027919086073e+01
1.385078733463588341e-01,1.735499842830148243e-01,9.050903182938196956e-02,3.497795155517433585e-01,6.642576875913240864e-01,8.342019414345305250e-01,1.136437135919755725e+01
6.184233683678922455e-01,8.891177882727403503e-01,2.603508462256399758e-01,4.274516090778299748e-01,9.786630560658629019e-01,5.218005649032454452e-01,1.223620437507879721e+01
1.562138970008264405e-02,9.050389593863069626e-01,4.809706674975784413e-01,1.765114015325511820e-01,4.726833847629845486e-01,8.333282177684726566e-01,1.076747700589910828e+01
8.269507841768644063e-01,6.568243680145670060e-01,5.616451921686577142e-01,8.481936875274954657e-01,9.546919881702631283e-01,3.644787312212259822e-01,1.298200466020437815e+01
2.559065837008891453e-01,8.736196848912598512e-01,7.275980163039307280e-01,5.425729992746781694e-01,1.686785576737137582e-01,4.656677599652876420e-01,1.103372234777540051e+01
7.878397115556733388e-01,7.310880962926028515e-01,4.215773528212534149e-01,8.235453890238890740e-01,3.452172381981546412e-01,5.932298709170825690e-01,1.198713989881584396e+01
3.832573801601928398e-01,7.826780133460723432e-01,4.834879987352811437e-01,9.944031004001149254e-01,7.759557340031234540e-01,3.991200167007528110e-01,1.230100388580603621e+01
6.938899106877639555e-01,4.108666366466083852e-01,2.029311423737710784e-01,6.004808304079006787e-01,3.604735347170711091e-01,3.712209709764001664e-01,1.151896951824731907e+01
2.686695182987969277e-01,3.620491834833295952e-01,1.914547604986991391e-01,1.346533594547836277e-01,9.640728693223910017e-02,9.989782809122327301e-02,1.121966874243878998e+01
9.187929007996542552e-02,6.105279870990782953e-01,5.093270464849616319e-01,5.417640224972009033e-02,7.058562177114402481e-02,1.291176086912878551e-01,1.043786398408756533e+01
2.120580011553969690e-01,8.161569857603800937e-01,6.130472219130717049e-01,8.985148253198141921e-01,7.793956970190518696e-01,9.022170630492574173e-01,1.192961376797830120e+01
9.071642441404755841e-01,2.106157984229772850e-02,5.032989502422363648e-01,3.362066938963744755e-01,5.963689513664780506e-01,1.827654754563327044e-01,1.086721174544241286e+01
4.331673289141809713e-01,7.960743846591953332e-01,3.241291503140546482e-01,4.807014134561432561e-01,8.545892034747408772e-01,6.164541779343607475e-01,1.167333123018527452e+01
7.199995024630362339e-01,6.270868665072136805e-01,3.357715257175200030e-01,8.889376299611717602e-01,1.657525696357037281e-01,2.616810871986849918e-01,1.135700808288614105e+01
4.855420488893397168e-01,5.666252071057842343e-01,8.883846424668685460e-01,7.179763524690356835e-01,3.167553751784170091e-01,4.701186943894686276e-01,1.113214997198701539e+01
2.708875514098051385e-01,9.843131521741159684e-01,6.103762523603103451e-01,8.737822823895867730e-01,2.223071541935109918e-01,6.247007842191849569e-01,1.176232327624298257e+01
6.422520550486747748e-01,4.308988301818617028e-01,3.799807363817756523e-01,1.875882638351309417e-01,6.871906673884787820e-01,6.121509281110535383e-01,1.143160680646722049e+01
6.552385088633999599e-01,9.745317288706002445e-01,5.505315874696398160e-01,4.128204131776653796e-01,3.218356791165641884e-01,9.041451229801313882e-01,1.211510254902902695e+01
9.410175164208658405e-01,4.557672718489866881e-01,9.227278520793691374e-02,4.313865713742379704e-01,7.524823182065250027e-01,6.930418075176008053e-01,1.127626786773140211e+01
9.750476631932059046e-01,2.555282311963255060e-01,2.411158153489878497e-01,9.888214253343430293e-01,6.826947409684537282e-01,5.897944929720413398e-01,1.157554660397480895e+01
9.886265337848314516e-01,3.948341327109183840e-02,7.445962342347655083e-01,8.286281809934690212e-01,7.462974122881195216e-01,2.418606637401004011e-01,1.132531361972955963e+01
5.144777022800699484e-01,4.299532401807718562e-01,7.879979626951922889e-01,9.011449161053396439e-01,9.286630880703843349e-01,3.996686129920816732e-01,1.181753757281066264e+01
9.914469241400889477e-01,1.104692424237198045e-01,4.404297832811684410e-01,1.055622051004739825e-01,4.477026084440490772e-01,3.103141082050245858e-01,1.148679341182874758e+01
9.257460814982854114e-02,3.613586583568884070e-01,7.835153619002969139e-01,3.346936572348815364e-01,9.843140107749689394e-01,1.098839304598951960e-01,1.176456777783145746e+01
7.381410162509843831e-01,9.245518443938338660e-01,2.514636812911763553e-01,6.706676995862428381e-01,1.480487738056303071e-01,1.098638871556333330e-01,1.120277017984479784e+01
4.448952805860839632e-02,1.015670547623122033e-01,5.556080609984317409e-01,3.955563929137112522e-01,8.312457947676638037e-01,4.129484777574314869e-01,1.088767133617253258e+01
6.446245846865408247e-01,8.304760435567450916e-01,5.917789403825127748e-01,4.106953783704135885e-01,4.734787816381542669e-01,7.002298013296567314e-01,1.223070191538599261e+01
3.265908705211008067e-01,1.506413946013507310e-01,3.209034599325613080e-01,3.386261074520605652e-01,4.936626094086654648e-01,4.137413967169778495e-01,1.145472068549631217e+01
5.045221118227971591e-01,4.260376707147652819e-01,4.653903483893503390e-01,4.491696754120333424e-01,2.295599338877852835e-01,1.336048115178189999e-02,1.102413731837065924e+01
6.455936648886749785e-01,4.870869028206391560e-01,8.137383431752233109e-01,7.207235385301017372e-01,7.790158792091715911e-01,2.230036765760361472e-01,1.206639184613222859e+01
7.411466756414455404e-01,5.075359038752927932e-01,5.712608329741021285e-01,8.457363965433499775e-01,6.338332519547652533e-01,9.545053087804654668e-01,1.220794895495028420e+01
2.415176166671039182e-01,9.695302711212790969e-01,9.523226065555606690e-01,4.211727969100376168e-01,3.043554023747696569e-01,7.257270630199141870e-01,1.177858398649759053e+01
6.797003473885376845e-02,7.929873656224653011e-01,9.467313715185825540e-01,6.695123512677267907e-01,9.077445597062164806e-01,3.587632156152005258e-01,1.175883036024539408e+01
6.177731937460554379e-01,6.501215092760074254e-01,8.223991554118599279e-01,6.523205202758916021e-01,5.439132976289395849e-02,1.121820743493595618e-01,1.114522899381004173e+01
1.796239618446188180e-01,7.863883976425298794e-01,4.705203026516900922e-01,6.650809310700276367e-01,2.120421661560151216e-01,3.950240492103708201e-01,1.106719989613582555e+01
1.047172581180588757e-03,5.738390462760789568e-01,2.565292119159997553e-01,8.100765747340056278e-01,2.196616518110652283e-01,4.600363684174136880e-01,1.185210043456948625e+01
1.741127109049345201e-02,2.941518203690002276e-01,7.226021604459332837e-01,8.167508152632058094e-01,1.056148163106680471e-01,3.575921325271048667e-01,1.137873504578413808e+01
1.010406468682923942e-01,8.814480573307462707e-01,5.606003218720698733e-01,9.278017213472073976e-01,1.083359357442043036e-01,7.910898082136179621e-01,1.216856296828667539e+01
2.514861594590399596e-01,8.121182923126619713e-01,6.146667468154184411e-01,5.030097547641713129e-01,2.174627074679091887e-02,4.139566212516605503e-01,1.061831740478044495e+01
4.372517411566529955e-01,6.754050937201696581e-01,9.934743700187071980e-01,9.177714789397518613e-01,9.771324425668763691e-01,7.194345364970879952e-01,1.190304603195047051e+01
7.504125470144890064e-01,1.873421540878240643e-01,6.604485701874986958e-01,9.550211947816290570e-01,1.592473840919530481e-01,2.866927607216528395e-01,1.190930507497613000e+01
2.733677620001636610e-01,9.693547489143908846e-01,3.939756042281671311e-01,6.789589811272657149e-01,2.379631574448526354e-02,6.789929681268802586e-02,1.161794557393679561e+01
1.273430371178752019e-02,9.174117710084120914e-01,5.249593911175325367e-01,3.340907627323995710e-01,6.291147673585852917e-01,8.173434322296124765e-02,1.137389394392328690e+01
8.364661136907125538e-02,9.330443727049343439e-01,5.414439811145068671e-01,5.948539362527019980e-01,6.230149777710797254e-01,5.422447764726869845e-01,1.215366361606444201e+01
4.994227935050949974e-01,1.495949883424322335e-01,6.506283436789106478e-01,5.158949578889558962e-01,8.066484192698594180e-01,3.981861093441519950e-01,1.154275698655777482e+01
6.546425570963038121e-01,2.866997260484261956e-01,8.662434311556812538e-01,3.421115794693939671e-01,8.783981200769943598e-01,8.455716765544918356e-01,1.184844783729617923e+01
2.560924481730119107e-01,5.674506219076758118e-01,4.279604077802177109e-01,8.714652468860238921e-01,4.761057749396024885e-02,2.791022316359859090e-02,1.174642311161056618e+01
7.717001330637015544e-01,1.572590120386364587e-01,9.685345775534194290e-01,3.169851671133190329e-01,3.735272267666803758e-01,2.458524903179204468e-02,1.165267228716837522e+01
9.410188005091663088e-01,1.921247052133545630e-02,2.838673085315946976e-01,2.695544307827524300e-02,5.218465208074556383e-01,9.731222716518324045e-01,1.100187678232344979e+01
9.626636150631571187e-01,5.398527609301861929e-01,1.493672470239481020e-01,6.863263077133341383e-02,8.928015959123922762e-01,9.080758670542384836e-01,1.136209610831437011e+01
3.936717434436749485e-01,9.913825278386875217e-01,6.960778739032471574e-01,5.489331584496972560e-01,4.386029113281653125e-02,5.507944377470501696e-01,1.117200085911313145e+01
8.057142163861938933e-01,4.911349821777843960e-01,8.863693586565379867e-02,5.162646154111012464e-01,6.563059241120278164e-01,4.998120870882039046e-01,1.179259335425092381e+01
8.234938411422438875e-01,3.352729442961196460e-01,3.163434138691462172e-01,3.779447226284160521e-01,9.350211341989664859e-01,7.145270679115115486e-01,1.120886800629847357e+01
1.929748765975094482e-01,8.963335764510653725e-01,9.689201267758773550e-01,9.695901353495628427e-01,8.463412332196884602e-01,6.097698121144391470e-01,1.260983756446434256e+01
4.423652915847799960e-01,8.130242235954889818e-01,8.960112176106591608e-01,1.623540689574578533e-01,2.811719495327869023e-02,5.826816522879648685e-01,1.142963876383952204e+01
6.879487491437897839e-01,2.747869225102077539e-01,5.550785332957051121e-01,5.313400077200145510e-01,7.276827550815456735e-02,5.887717849120200908e-01,1.112680085152822507e+01
5.750156175905385414e-01,2.837414724910070074e-02,9.266395210077509326e-01,3.738406135192506863e-01,9.386575397085732408e-01,5.863448891125004891e-01,1.179415731598251504e+01
1.073217999003487355e-01,1.434336898310883956e-01,6.208300194151473717e-01,3.044062830125625618e-01,5.957682014093249601e-01,7.963674589116699343e-01,1.102542755762812732e+01
5.818985668507401510e-01,2.987193797121517891e-01,4.443314007840523105e-01,6.726006064749782132e-01,6.086867124196526646e-01,9.159798627079468458e-01,1.171807223249518159e+01
2.144148172825717236e-01,9.562267241757134162e-01,3.953909414795020449e-01,6.604061770219584737e-01,1.015526967270508063e-01,2.603106684848841557e-01,1.173003962585906734e+01
9.016357594159940536e-02,5.061960501391726819e-01,8.711274882122970187e-01,2.178252020868201022e-01,1.052690212557271243e-01,8.899431509006112684e-01,1.081330475329630936e+01
2.752002242995450487e-01,8.086342986818785272e-01,4.890879507472311039e-01,7.479745139592891556e-01,9.640057227768160653e-01,4.656923717856099598e-01,1.224175110729489013e+01
6.705474568154830006e-01,5.953622965211322615e-01,6.038762053274521202e-01,9.893612782026314223e-01,2.020753302645057481e-01,3.837990152956018974e-01,1.164266868343445260e+01
2.674042406507013414e-01,9.317503491325971332e-01,3.536510214135258900e-01,8.939142649719176159e-01,1.983572234215240648e-01,7.483857593540145237e-01,1.161617301443261496e+01
5.515595017558827529e-01,9.805117520857147273e-01,4.506195808857316187e-01,1.739401287389632511e-01,4.345408575642238924e-01,6.146193668275887756e-01,1.160654973487176989e+01
3.300347357889299449e-01,9.944284348381083882e-01,3.451538853712682320e-01,2.217813722161937617e-01,5.390974682771041415e-01,8.776972765702972801e-01,1.189283964614918077e+01
9.829068266271269172e-01,6.369169489266435225e-02,6.602072494984888573e-01,7.964679005927244315e-01,3.272550498347853720e-01,9.269289921318457637e-02,1.079362842844456694e+01
5.719689285036816395e-01,4.328922166680992945e-02,3.927548578232098464e-01,1.000946158814357556e-01,2.590824064582811781e-01,2.638799791571527775e-01,1.094450025405764926e+01
3.326106773245061099e-01,7.059866429099264096e-01,9.291006513675743594e-01,7.063740317291716808e-01,5.801107165755314821e-01,6.552809984387545361e-01,1.232320954663175172e+01
3.083175167372314007e-01,8.539957744140067586e-01,5.953734493075509837e-01,1.521739859580902854e-01,5.528079688459337504e-01,5.992434279053486801e-01,1.180129313322381002e+01
7.092070120713340753e-01,4.343322576813257729e-02,7.068835352281085393e-01,9.995151853051901236e-01,8.841742391859030992e-02,4.309622920090439013e-02,1.167776192843382432e+01
6.581540774712311137e-01,6.840128659326508709e-01,2.031678871060442759e-01,2.196046148706272128e-01,5.957402992568564537e-01,9.831432865898847018e-01,1.165422115870479658e+01
1.453474719629999079e-01,5.472406647311159889e-01,4.602340582549362402e-01,2.393311858026191397e-01,5.663338495047831600e-01,4.297643808108646546e-01,1.090664203655295239e+01
6.291839910299737992e-01,8.015693311067584315e-01,9.420041879383495020e-01,1.440053219432538834e-01,1.822149541396177463e-01,3.480960541757912585e-01,1.150678815639796859e+01
5.039840187372568447e-02,7.124912743492782807e-01,9.641645727050756065e-01,8.587100255011886896e-01,2.435875363777688651e-01,2.698817906676643785e-01,1.148233715435789648e+01
3.248587493083928690e-01,1.162098781904921108e-01,4.943632411031982921e-01,1.950695557165820215e-01,7.751502795218070396e-01,2.179833407982274540e-01,1.132594947257504003e+01
7.245590359196417696e-01,2.030114085928887979e-01,2.763716506700326647e-01,1.551392114370675479e-01,9.612086964587009952e-01,4.402118760845640244e-01,1.141093263570935434e+01
4.534122389262559283e-01,8.031882054299104290e-01,4.456176828194604589e-01,5.871436748573130027e-01,3.998302442326534534e-01,3.021444270288107248e-01,1.224985465652667749e+01
1.038170880834333731e-01,6.924908926817914256e-01,2.797741208566286719e-01,8.674124214423001300e-01,2.674754959177310099e-01,1.738496350886996611e-01,1.087970245402889091e+01
6.014272989751672238e-01,4.973360765624713631e-01,3.212076838233622889e-01,9.462781228162413516e-01,7.971837151764098461e-01,8.235146559505349684e-01,1.204432231158475020e+01
6.200303381181931917e-01,2.082146359208163489e-01,6.546110381641697673e-01,8.940919068248803780e-01,1.624258120120738447e-01,8.403694104534449316e-01,1.104489178618038814e+01
8.975749242923830584e-01,6.003629423724370362e-01,3.697715696253341955e-01,8.447819091812727166e-01,8.463034553066965948e-01,1.202023152935323136e-01,1.164739990232764555e+01
8.049829231258278650e-01,6.821730736469180378e-01,6.789213284367281442e-01,5.007086552861576001e-01,6.822899033876310693e-01,6.304009106818098118e-02,1.207683606535647769e+01
9.762177774296475485e-01,6.261622893323935957e-01,7.862208863373952861e-01,5.493148319160905402e-01,2.958534876687870518e-01,9.987802197778743452e-01,1.193241830752936217e+01
4.142563339818886581e-01,3.919744741531003829e-01,3.896940942725628521e-01,2.144416228745257280e-01,2.748990329490975659e-01,4.498963515787285372e-01,1.130907047384824970e+01
4.565430328206659949e-01,9.002647530239471507e-01,3.904880110487846112e-01,4.894317813675870266e-01,2.764764017251830630e-01,1.250288586506420607e-02,1.115847334744765540e+01
9.464296481487199930e-01,9.124671304618279244e-01,9.500380622309054779e-01,6.744015308084856386e-01,3.829902675036347404e-01,8.899974330735713757e-01,1.201078365542698023e+01
5.240424797897818010e-01,1.609845175276469753e-02,8.020863976531252826e-01,3.822325702818992754e-01,8.539371990768693799e-01,5.665524606645117034e-01,1.103870718887059077e+01
6.850242792315308638e-01,5.160276825739196216e-02,5.736484744176418848e-01,6.895433220312469080e-01,7.905077288107222877e-01,1.683385423155492333e-01,1.152944939569417215e+01
2.883219369384624198e-01,2.674419799319840418e-01,3.996791481219855724e-01,4.708600661667580178e-01,5.136279144623115966e-01,6.647623092549089785e-01,1.081765600623753265e+01
7.978782576459905185e-01,6.856631489132457569e-01,2.170486729684080185e-01,1.277706970698899713e-02,4.141750469530314227e-02,2.264802002023312832e-01,1.073254493319466363e+01
7.824348541561054748e-02,3.834614422598133787e-01,6.295909840875586472e-01,4.218458224594410222e-01,3.253633304564478301e-01,4.769492032963107420e-02,1.107354132930323054e+01
1.081926117084809347e-01,5.279640265694521828e-01,2.329484424218183358e-01,7.324936665583241524e-01,1.161607159773069275e-01,3.187703010673093029e-02,1.094759416356527559e+01
4.644505217597886260e-01,2.125722621114615185e-01,9.923202341637404889e-01,4.258357282075375672e-01,9.815176940933730831e-01,8.894599017081957770e-01,1.151561271013212284e+01
7.483769380914017111e-01,4.687991460289865353e-01,6.984150097262953327e-01,8.237486461771448276e-02,5.886820528384175688e-01,4.377014055134476056e-01,1.183467888973735072e+01
9.133393385924553076e-01,5.814258418176987409e-02,7.561928556645983734e-01,9.855348944582505988e-01,2.359258771827277279e-01,4.826985796474332346e-01,1.107482545084267045e+01
1.970348676610778060e-01,7.261470637614300117e-01,1.978180562190258174e-01,2.075353089080024249e-01,5.224193965866152922e-02,6.527661794946880702e-01,1.051701361355493169e+01
2.948348344123191689e-01,5.852093365149049209e-01,5.637330634053634437e-01,8.218696525957269738e-02,2.462288191765348300e-01,4.554140077144208654e-02,1.036768298622119566e+01
2.563364334375799469e-01,2.927619991349660333e-01,8.513129775816516975e-01,6.747079545504421905e-01,1.799047247294180973e-01,9.906393917282759753e-01,1.150914232890490041e+01
4.654327989315228953e-01,2.387041533608709187e-01,9.467130288659132420e-01,8.640905456892955527e-02,6.032953057854777423e-01,6.593050326244596082e-01,1.119722247128568604e+01
6.892828711384180185e-02,2.500622606316560415e-02,4.139181034834266137e-01,7.220438248906891898e-01,2.514118112763019663e-02,1.183088835337073874e-01,1.070075302037273701e+01
4.470629257334680640e-01,3.752950446551247543e-01,8.729013192862246084e-01,1.481827654373313319e-01,7.226409962678113086e-01,8.250827321561127192e-03,1.206297060793535536e+01
8.743016159021342881e-01,6.533160740534770250e-01,5.151893292097623478e-01,7.446267920285352115e-01,9.454869042195246376e-01,3.910556071153967750e-01,1.197801620742951911e+01
2.528674395862465785e-01,2.284670526154153336e-02,4.273967455721731090e-01,5.439679297402127967e-01,8.937179910357705426e-01,2.193208221344619124e-01,1.126707673842510893e+01
3.083380704469325106e-01,6.149520034177504701e-01,3.415897117818285089e-01,8.378206705985929981e-01,1.054956648628890825e-02,9.341053127332399342e-02,1.151748739058905890e+01
8.644283724412533676e-01,5.870660862313032968e-01,5.290634258553059688e-01,6.028541467757353445e-01,3.862762966559878386e-01,6.343678693531270563e-01,1.208990448438510512e+01
4.503558115263096573e-01,7.616790485743679673e-01,8.480843814932774727e-01,6.434590280863372591e-02,6.039251889607293311e-01,9.738200677800685767e-01,1.118406005228071898e+01
8.686561778813758350e-01,9.889492658000772485e-01,7.417775068881886646e-01,8.715125496852715870e-01,1.621954646429962787e-01,5.842902498013202717e-02,1.192946208958371201e+01
7.686837776724377846e-01,1.059358784199854187e-01,5.518061017460164086e-01,4.656474404033468240e-01,5.065458655315162595e-01,9.203434657121642992e-01,1.160922630806311773e+01
4.214308922350147313e-01,1.307070669349953418e-01,7.401169864216815553e-01,8.614791289052315948e-01,1.892246451017253195e-01,6.835872478699746013e-01,1.130088255609245707e+01
1.247813856755299877e-01,6.549679215794000919e-01,7.032841789888377715e-01,9.800507559393027979e-01,9.659099354857307862e-01,7.546320926330432055e-01,1.253970856390391297e+01
9.488642874528852023e-02,9.495353619552544533e-01,1.493079004154885814e-01,9.588078321092463607e-01,3.203940914872911438e-01,8.407740211728653712e-01,1.180797070419043315e+01
4.546615554763812073e-01,3.840113370430144890e-01,4.831259309163770110e-01,6.663203292810525591e-01,5.612487473234685220e-01,5.913621469318658397e-01,1.171552450501221188e+01
5.806338725119555289e-01,6.118961892187400053e-01,7.414220404890622396e-01,2.407323157308125516e-01,3.058997188480740981e-01,9.064506906715255052e-01,1.151043094414774792e+01
5.762846821324307811e-02,1.335289062829465578e-01,8.424087159135673630e-01,8.231714358343408255e-01,5.759197632463055605e-01,9.743961259738315173e-01,1.131024948106948891e+01
8.828227361286549169e-01,7.409542680983558505e-01,7.443738492301343879e-02,5.357632194736644538e-01,1.667285800012595631e-01,2.397812590294596813e-01,1.199118571463267813e+01
2.424965633429454481e-01,5.319706205553703660e-01,6.098387395763552599e-01,7.339344375802934195e-01,2.528085892947260493e-01,4.008198170677663708e-01,1.091260281934275156e+01
6.898987626061312550e-01,6.399703513485303086e-01,6.145952898010942356e-01,1.040671500610659272e-01,2.839153262263027777e-03,2.192931099085393409e-02,1.055531698487875047e+01
8.981041744031945662e-01,5.657399430435661181e-02,1.753200098975709054e-01,6.412194672706440501e-01,1.246139385658520116e-01,2.981320853090141387e-01,1.142285375727650809e+01
6.182384282046357038e-01,7.966007117514262159e-01,3.768017947756945318e-01,7.288062088966067442e-01,7.703659495750853070e-01,1.227810310892192280e-01,1.233250975520626724e+01
3.398786027287308276e-01,3.075009701909534598e-01,3.167299038409467915e-01,8.325833265505023784e-01,2.298628219284454266e-01,3.390005060292607952e-01,1.161927469914550137e+01
5.400748904467418399e-01,6.502175101774699817e-01,7.418254976586683425e-01,3.858750549573534139e-01,7.920052127433413469e-01,8.710852461236173738e-01,1.157017752174419556e+01
1.067499475335064174e-01,1.969290106400168883e-01,1.464334067221488844e-01,7.010927508773017180e-01,9.254268490518031687e-01,7.767182498708941063e-01,1.195032886509654446e+01
1.079356255613870275e-01,5.230446621245502525e-01,7.464639101592063231e-01,6.371313923473415075e-01,9.219876175866394963e-01,4.723532572949891151e-01,1.176246726599593195e+01
8.026661276923745536e-01,6.411903099403969408e-01,1.458605375363168921e-01,3.449663050292950395e-01,5.104892373822725871e-01,5.845199178799013184e-01,1.115354009251701406e+01
1.185652441900755250e-01,6.994338639310533345e-01,6.310208516625517294e-01,5.242164973672155392e-01,2.218570179559021804e-01,6.975097892501835872e-01,1.132862816047193810e+01
9.862186114855058250e-01,9.445100790729102913e-01,1.108251537859958891e-01,5.377551424273770975e-01,7.178866712666021055e-01,1.762789861620596144e-01,1.169292221312395341e+01
9.262871772054983577e-01,2.408647451868612954e-01,6.877743176669641745e-01,5.097858641702037730e-01,6.158070136598897681e-01,7.874659502690694035e-01,1.150269589619217392e+01
4.066159538301100662e-01,4.045433398358846411e-01,3.143183347246968351e-01,2.275921469067695435e-01,8.139981447935720205e-01,3.484791384070030640e-01,1.179878473903282199e+01
3.364571059825645083e-01,9.730925105678401854e-01,5.174434562627966416e-01,8.927816487223492192e-01,1.763348822000182503e-01,4.835441161403591925e-01,1.181708814052275436e+01
3.007052629177026093e-01,5.734878290800192735e-01,5.575202304762476579e-01,8.926810759267944650e-02,9.684280128502625873e-01,8.819849590985655574e-01,1.136601929164379143e+01
7.300391145514243396e-01,7.571182782060876804e-01,1.167269968787415513e-01,5.205626480148866086e-01,8.627406802151827980e-01,2.161433989998140515e-02,1.191002386858860085e+01
6.209241876960240880e-01,1.119616925853714751e-01,2.594055540779600655e-01,2.283614182679120086e-01,5.269455179703553815e-01,5.150764528371898354e-02,1.067894288340168352e+01
2.357156337616952424e-01,2.591894849707012671e-01,6.009914762998506133e-01,8.520508671089099817e-02,5.566549110170051495e-01,6.564970064699127139e-01,1.065194859401825944e+01
3.537001279691587285e-01,1.526164180350708666e-02,9.081148111046893900e-01,1.186691885142390213e-01,9.857996785679679075e-02,4.835015078061720706e-01,1.045317223168689935e+01
7.283113565062782069e-01,7.202044702488724637e-01,6.408941187171658393e-01,4.990247878011017102e-01,6.184263026558701748e-01,6.826768043947722964e-01,1.207302451652575748e+01
5.698374505936263379e-01,9.788365124070548262e-01,9.525740704301637329e-01,3.960208100620219440e-01,8.078468935753346791e-02,9.625954072281764917e-01,1.150404749118542824e+01
9.091839154808645240e-01,4.171987780741688301e-01,4.034878393281132736e-01,3.982550354457092823e-02,1.912411842231003245e-01,1.428634445518696117e-01,1.078621531967689684e+01
6.682550283706577554e-01,5.460278356073877681e-01,5.096425675354507856e-01,4.573047916825782044e-01,5.660135753865418451e-01,6.400595800652838507e-01,1.233185515730257720e+01
7.118945473248611266e-01,3.496097079751669945e-02,1.827699372041891035e-02,3.231713187108675722e-01,9.809287486251723198e-01,7.191089280876195033e-02,1.126699364342631604e+01
4.801509543746429465e-02,9.943233357866916311e-01,6.890896172251503859e-02,7.563747095938868625e-01,6.842479619771778543e-01,1.071486803110457409e-01,1.209338877973088877e+01
9.759143545636158601e-01,5.037804688545254317e-01,3.253530523118702833e-01,1.495813550426124960e-01,9.345840045851906419e-01,6.899271623558945743e-01,1.194574874898849259e+01
2.446807416201829399e-01,6.582448550034890600e-01,1.025904729732667331e-01,9.445093655001424171e-02,5.669412489520075926e-02,8.523715247324240574e-01,1.086548619411012773e+01
3.919766354058580315e-01,4.159208879742685161e-01,5.358108511374354288e-01,4.214451947806538978e-01,7.954349180836529642e-01,1.910210182884414243e-01,1.173715148971245981e+01
3.603515076448495780e-01,4.357175467168700189e-01,4.807165567744134949e-01,6.861160379701274348e-01,7.016066382751943165e-01,4.728574323120897649e-01,1.175590580761827653e+01
8.410212278166093736e-01,1.171414959735381789e-01,4.579784931031946060e-01,1.317606889421322203e-01,7.195394028766808336e-01,9.595947729122700220e-01,1.167390515452199296e+01
2.742247683650874679e-01,2.394940842867824271e-01,4.931723625350677986e-01,2.826981814295592699e-02,6.064226765823461651e-01,8.274154114413864169e-01,1.090589031754332261e+01
7.500884835160728237e-01,2.002060617668086628e-01,8.531362749935572642e-01,7.257012585742103061e-01,2.022936754738223764e-01,3.875998015250493589e-01,1.163361931175277775e+01
9.805238105494985534e-01,8.718194051791804400e-01,6.996455228062766762e-01,8.135525616783308989e-01,8.735465664009700593e-01,2.163326403045328084e-01,1.273604893558517759e+01
3.876282716140514450e-01,5.347975576776979878e-01,4.017777651131175798e-01,1.972268913955265157e-01,3.483779672134419414e-01,6.662653513373215652e-01,1.150713599430284617e+01
4.240729498573959644e-01,7.066062176906581227e-01,5.660930951256082366e-01,2.882321717697690078e-01,7.774730014000230671e-02,4.005626232548343824e-01,1.101984324592959652e+01
6.416846907190401073e-01,2.907718756877548660e-01,5.686826746433943924e-01,7.538661456262302218e-01,5.981663360259572570e-01,2.196477424558200831e-01,1.136858223164692916e+01
4.081679029138501891e-01,1.876682815656688375e-01,5.778917923847209925e-01,9.886072056378046868e-01,5.116330967763832449e-01,3.998382447232650128e-01,1.152859369400629319e+01
9.941683103862067883e-01,6.360366493108593478e-01,4.404233260246273041e-01,4.242874134523387797e-01,1.702915251365612059e-01,7.373062640395529055e-01,1.101636178042685543e+01
2.972276885454873119e-01,2.128843677684351121e-01,2.852472484590431456e-01,9.583304420933069778e-01,7.082888483575615624e-01,9.534206320533944456e-02,1.143435838632904833e+01
5.280617190547045592e-01,1.953824674902512326e-01,4.650929165945018040e-01,2.534244364886603096e-01,4.910659926392750840e-01,6.003746227905251143e-01,1.120449479552803318e+01
5.234426531186152642e-01,5.853119395411275905e-01,7.941704494570478445e-01,6.038664937840715341e-01,4.113687872975515525e-01,8.573224895765947373e-01,1.152740831957876111e+01
6.586775248373527569e-01,2.500161768713679011e-01,9.612897224921309602e-01,9.356919283484183003e-01,4.758016595674376958e-01,6.162764183171839383e-01,1.129679659982489781e+01
6.457102672866188442e-02,6.130741010739257923e-01,3.875174128540221918e-01,4.546046157195043902e-01,1.899874273432944349e-01,5.360686059392414382e-01,1.126294897397477612e+01
2.640922638961233915e-01,1.878183419639180007e-01,1.687737121354666581e-01,5.317799446228491655e-01,8.194435220474627357e-01,8.709081841680662572e-01,1.090363166046202537e+01
7.234534860085449770e-01,4.750959942218323517e-01,1.361261560657925918e-01,5.310084214468357988e-02,3.672379088614299292e-01,6.429112351209032017e-02,1.126461181141581847e+01
5.483518574799930434e-01,6.330059615018107655e-01,4.550212831489738319e-01,3.900695345181267593e-01,1.327445318722340062e-01,8.728272672202359583e-01,1.162430226807702205e+01
6.264798798134126878e-01,7.366465718032095822e-01,8.356500640157675797e-01,3.046409997859378382e-02,1.094987531609540321e-01,6.041495714896311098e-01,1.095094673353633219e+01
7.188687643691560325e-01,5.057716464518683397e-01,1.044903078603830471e-01,5.277734508671457769e-01,9.333289625514447074e-01,4.365202409117543425e-01,1.177504090990280616e+01
2.895886847827922050e-02,4.228288242836484301e-01,6.087434110128449039e-01,2.361601014386822683e-01,5.235932270158614177e-01,1.369665639729875650e-01,1.181383033581885833e+01
6.390007548734156773e-01,7.047540094168414093e-02,2.809008211095431751e-02,8.795248229239559512e-01,2.368978469099357609e-01,1.961708457929776106e-01,1.060096929526779341e+01
6.288709173193657298e-01,3.574886314504129858e-01,1.708152537195481990e-01,9.008897039167285126e-02,9.027577246175029213e-01,3.966886183676858746e-01,1.147698406274290761e+01
9.035840381870819948e-01,7.605409282893950129e-01,4.351291166729428506e-01,6.004198787336159082e-01,3.640340139608554404e-01,3.078767620204814204e-01,1.137620734563166103e+01
6.044457874202047165e-01,7.280779653888868053e-01,8.012031630864758780e-01,6.277961879737881112e-02,7.062404805266324637e-01,5.607581372583737567e-01,1.141843012434651250e+01
3.403750695467137044e-01,7.912094830363333164e-01,2.517395520326266567e-01,2.269774169030217559e-01,8.928133657142867108e-02,4.422218210637853808e-01,1.148456872561994402e+01
7.718500208527161455e-01,6.826486468909381822e-01,4.921330822962608487e-01,1.628410324025997280e-02,2.283431421089454627e-02,9.227920944947791693e-01,1.088287393915814860e+01
2.746985398851984339e-01,7.280915125522756659e-01,4.869415194100794597e-01,5.765718219227227159e-01,2.676657530862170953e-01,1.259673670949139623e-01,1.129624912877827292e+01
6.381793847015073684e-01,8.009082924755949184e-01,9.334349679724323057e-01,7.914000033297472481e-01,9.935678033086977612e-01,1.442187424924336048e-01,1.255721177588972104e+01
3.383854818139349074e-01,2.761356693158070197e-01,9.916091715850798849e-01,2.478097780488981439e-01,3.791590002721371144e-01,8.511120435767679515e-01,1.100551040111778534e+01
7.524924922044299302e-01,8.384041138554495509e-01,8.741327922878124879e-01,4.282098068790355372e-01,4.213844401320635535e-01,8.263473086118632294e-01,1.158323295201624781e+01
7.783231467231885858e-01,9.077818617278483604e-01,8.483562916036992974e-01,8.915918282670063366e-01,9.285513006736224595e-01,2.886450504916077131e-01,1.206759969424906664e+01
8.649723850499220212e-01,6.019288289765379885e-01,8.533777549997316747e-01,1.034416594395020095e-01,2.390604601365955428e-01,1.475921609292072390e-01,1.132268115856195401e+01
4.798181395266098992e-01,7.566906555441926807e-01,1.622700993338466180e-02,8.304179094397649008e-01,5.012145394433744627e-01,1.232495622955809278e-01,1.224089314333635770e+01
5.374498178226898570e-01,9.990495415973303928e-01,5.260136229384942963e-01,8.049762564021801792e-01,7.811166527730999398e-01,3.974625311353681134e-01,1.250735140835386261e+01
5.668486777634004214e-01,7.403992198062697705e-01,4.536093471047945025e-01,9.162246596010255040e-01,6.495385118456609153e-02,1.054240545485457536e-01,1.196255717564989318e+01
9.851816782347877499e-01,3.851139793598389316e-01,2.534404450041393142e-01,6.451237981354359663e-01,2.773136990485808306e-01,8.050431948704352969e-01,1.150555419688573799e+01
4.419423723931945602e-01,1.964275757145628187e-02,2.576905851211214182e-01,3.922750503125497223e-01,7.778850284550253846e-01,5.752970180888705709e-01,1.076763696104904433e+01
1.430890831457051204e-01,7.888988813626657270e-01,9.131606279510804391e-01,2.227369701328087981e-01,5.002367711463155953e-01,7.188182697901168705e-02,1.157248879631596239e+01
6.507112419285523419e-01,5.765588188158972116e-01,5.929241184362539219e-01,2.977833060268808563e-01,6.977605893465563813e-01,7.354384827466344809e-01,1.220620621612909673e+01
8.926919396783048466e-01,8.684365742055298876e-01,7.768899610496540209e-01,8.808514282642541104e-01,2.048813683856961498e-01,2.926202425571831078e-01,1.190818219137032408e+01
4.439922232305565375e-01,4.583932872495295463e-01,2.536775757160575351e-01,4.084483381722509021e-01,9.360688798867283777e-01,7.464558863123027521e-02,1.232696315700634671e+01
3.601344675347868396e-01,4.048420806247493564e-01,6.440536668316340085e-01,5.975513435502368687e-01,6.540479172367393845e-01,3.434194860958880158e-01,1.130208128495012510e+01
9.585950051905767211e-01,4.548688988400656497e-01,1.449937758575253755e-01,2.186258869602717425e-01,2.098600393042394652e-01,9.233716362584839521e-01,1.115628902021072832e+01
6.573628846628315481e-01,9.186370336072031684e-01,7.294091686488395343e-01,6.218450093453504746e-01,7.759516709531288914e-02,8.580245401611870104e-01,1.219322621547354224e+01
2.093619659856541526e-01,9.034339892597683663e-01,6.943369318571994686e-01,6.777866302468193993e-01,1.707808769327893161e-01,8.477075617322660239e-01,1.160955156183130832e+01
9.892752300972857959e-01,2.003584878126040136e-01,9.060777951286947962e-01,5.137757137341019131e-01,9.086736913123288906e-01,5.621821962600503930e-01,1.166236475763773939e+01
2.669896347371768508e-01,8.687481543317364663e-01,6.041949073156811512e-01,2.526822336272744884e-01,8.662517343458235874e-01,2.699721258565116466e-01,1.131083130563834693e+01
2.447492726099474991e-01,7.902554025176957708e-01,7.977386634653366171e-01,9.640094521355602186e-02,2.643563334529226427e-01,9.735805200034660656e-01,1.136223611308172643e+01
7.327649338278477975e-01,2.139906911405700107e-01,4.976419047452724786e-01,2.121138886324780426e-02,7.605032466265698732e-01,8.940877208833265533e-01,1.136687512600866867e+01
4.450533279459475411e-01,4.872373615026664995e-01,3.611500538801509785e-01,9.337815685974739655e-01,6.877677859118026538e-01,2.072006002501750599e-01,1.230234075835498331e+01
8.318298836750414038e-01,8.258421287055557336e-01,8.646433179040136086e-01,8.930222417824676961e-01,4.766741852260922840e-01,7.086782711748468300e-01,1.166586416510847357e+01
9.734543510745866657e-01,1.214026316343803646e-01,9.223244138737218822e-02,9.187785951858884470e-01,8.899227565593303968e-02,5.732946588971716828e-01,1.124936441395061770e+01
2.499671796835407633e-01,5.847715190373443672e-01,9.354491446487042117e-01,5.061939683693039704e-01,8.826788265180705029e-01,6.646278665890048565e-01,1.212341053325869389e+01
1.676861810201993874e-01,9.567808471303116402e-01,9.710247981703824527e-01,5.246784013348040343e-01,1.102854575487767219e-01,9.488818081139043237e-01,1.193096428518379604e+01
6.722253799805014696e-01,3.081314181116214801e-01,7.356358279463507399e-01,5.738156846417907797e-01,9.801372300180475339e-01,9.476515139403580701e-01,1.212907962819182117e+01
7.698624332489460986e-01,4.765793136070006764e-01,3.388434678914821196e-01,5.702100878958402674e-01,2.002423104780179930e-01,4.438204453389474891e-01,1.098778676227557582e+01
6.041759646208542112e-01,6.850529083510400463e-01,6.956015824691583749e-01,8.001305648829154515e-01,4.856102168765054072e-01,1.543474543759566497e-01,1.173788443611377375e+01
2.749598724736203037e-01,3.499082375752438079e-01,8.052515544602775188e-01,5.799407335056556700e-01,4.979289573900590460e-01,1.310693267464944078e-01,1.240750022595263857e+01
9.569157280850489888e-01,6.092032788987103986e-01,4.790009439493211341e-01,8.049671652489098772e-02,4.261371172685929354e-01,6.513239070769495376e-01,1.177573161035359384e+01
7.560573892289523812e-02,8.172990933558306192e-01,6.548807525013889963e-01,6.578873645299802009e-01,9.406293573653712325e-01,2.788638530530983539e-01,1.217643307160566124e+01
4.695879624463450419e-01,7.562317547159203013e-02,7.363971079788715901e-01,2.990455875960684740e-01,3.219909650243732990e-01,5.166535055670024024e-01,1.083156677946879043e+01
6.509958139971006030e-02,9.349698983651856254e-01,9.286051119181580882e-01,5.198201026490619769e-01,8.739024654818344784e-01,8.906359544597508560e-03,1.234634187629708002e+01
6.245442682621837882e-03,1.659384174291732572e-01,2.022506770137845189e-01,7.060948515854346130e-01,6.969414666051131357e-01,7.131458385304279002e-01,1.199939157543261814e+01
2.537901525926389290e-02,5.039954306318935595e-01,3.602242157104172948e-01,8.963140025012534817e-01,4.424332027887464269e-01,6.797385064803794785e-01,1.126309877534181147e+01
1.582095229846772755e-01,1.888243626603852698e-01,6.493417896409879875e-01,4.815770137283328367e-01,8.341738838711865167e-01,5.956668349224909509e-01,1.202990802240577395e+01
7.866527020129321368e-01,2.849681356117592657e-01,3.755667308304679874e-01,2.602652963832982058e-01,4.583564460416581499e-01,3.282499937376921473e-01,1.125914303557133778e+01
3.499827979525249599e-02,6.441386020532358092e-02,4.095496537160898676e-01,4.376016769219368552e-01,7.350458985202016349e-01,6.299830300489329682e-01,1.113156371917242282e+01
1.416535908257197107e-01,7.491478166142836459e-01,6.011346867797346949e-01,2.470495326915447265e-01,9.279076261262449998e-01,7.596455578637040240e-02,1.150748267050479434e+01
3.504007034809522025e-01,5.001095871363190337e-01,1.572735704858765349e-01,9.721338400336365648e-02,2.745112029108576213e-01,3.586682817380648647e-02,1.103129236371971622e+01
7.954502859419808614e-01,4.200598746909998127e-01,5.571326655096354719e-01,3.473268081821930808e-01,8.883178765470960414e-01,6.849042004518746118e-01,1.159628658789268840e+01
1.179460573808926993e-01,6.050654325769858621e-01,4.489629153623625468e-01,1.645306158557588994e-01,4.565298424644267383e-01,7.182348900711091888e-01,1.117297219552364851e+01
1.339582112191850527e-02,2.722387655946422180e-01,1.922479463914562592e-01,2.141154538907654725e-01,5.226063942577253707e-01,5.759389298473456265e-01,1.086361592298736767e+01
7.993814220664672288e-01,7.336836770995769363e-01,6.669125496781156404e-01,1.799853964892307312e-01,7.058982177972989991e-01,6.033049279016760025e-01,1.198566910534525398e+01
5.941215598626493621e-01,4.182274994241252930e-01,6.140453901322059371e-01,7.786971471026725711e-01,2.468055495399199550e-01,6.724879735919023771e-01,1.124571250128126998e+01
4.626814892496823317e-01,7.001914023235358275e-01,5.240651730527272623e-01,9.549194708463966119e-01,3.004558440820037646e-02,2.532451197419719469e-01,1.108918581044550145e+01
3.342201450088002623e-01,2.772985859585659352e-01,5.810998047753457296e-01,6.495831034458375841e-01,8.369131576623531910e-01,6.664058193978120714e-01,1.149884122070813497e+01
6.313707614856265415e-01,3.311955471529892669e-02,4.911511090399561796e-01,5.631598208972731223e-01,4.278297896342917461e-01,7.419736310645719257e-02,1.149725368127318958e+01
2.697258003188046649e-01,7.979760971548877091e-01,2.043057104292507198e-01,8.077823459288839825e-01,3.875260207911097599e-01,9.562708551752557851e-01,1.171939320611107860e+01
3.412722509383756542e-01,2.190901854246029012e-01,8.431011437393055585e-01,3.680139990073771905e-03,2.123298661847857760e-01,7.653537258315349368e-01,1.135953564187951415e+01
9.808633136140272324e-01,8.243811772965449203e-01,7.201625250680725454e-01,8.919750195956427374e-01,3.691024074571509495e-01,1.165702259557761522e-01,1.140224787953975571e+01
3.847763618235160443e-01,9.385636278096612939e-01,9.807183784459402309e-01,5.436124398771193800e-01,4.613368974324423277e-01,3.143489443186341381e-01,1.293987865719293495e+01
3.917160307185310053e-01,7.063240307524311090e-01,8.281023739120145777e-01,3.051678862150913885e-01,4.152787478149932987e-02,6.861210421903229939e-02,1.091471537803058744e+01
6.318581215289003072e-01,3.586196807518177154e-01,3.500417264824704500e-01,8.053536999164698784e-01,2.821026010001286277e-01,8.352447708305670293e-01,1.175379047835988011e+01
1.921954107268226686e-01,1.775834393238268083e-01,4.523558437800155874e-01,6.593913966633069279e-02,5.972048695556478881e-01,6.389509435695777118e-01,1.113314296186101515e+01
3.347115115325854928e-01,5.270679060467889920e-01,6.250007267498058905e-02,1.835741290840137152e-01,4.280915379948935229e-01,4.001057657400372003e-01,1.147164989503405330e+01
2.125363310900317826e-01,9.473725969034201277e-01,5.667239586728913814e-01,9.084308522533310892e-01,4.776091074769688305e-01,8.077806412128634150e-01,1.161477655610450199e+01
6.241220280383834584e-01,1.314515634485433626e-01,7.666198947887136184e-01,3.823136234862158922e-01,7.337749998679140573e-01,3.816680658188180697e-01,1.125085466900487852e+01
9.717630166126499658e-01,1.840327485517693207e-01,5.066924218710000538e-02,7.466434465439470980e-01,9.140057708326814190e-01,7.664688611626188086e-01,1.188598323132494450e+01
9.365772954519164806e-01,8.356139875581991561e-01,7.957744227406380322e-01,9.817913066471316563e-01,5.397772836510785766e-01,6.712237875682891541e-01,1.142837607430490365e+01
8.848853307783884903e-01,3.816714943952561612e-01,6.731039909145564160e-01,7.744056299044291825e-01,2.587797469780425130e-01,4.529033076491499887e-01,1.129151544311111088e+01
5.954050929199700137e-01,1.654629837239985912e-01,1.938357283514904328e-01,3.973841192843624581e-01,8.919019720550412922e-01,4.574934123130534047e-01,1.195040930348161723e+01
6.018709570652868157e-01,3.469997579603302240e-01,5.525015500898159404e-01,7.489966413917885646e-01,6.383788758372291872e-01,2.822795837512757089e-01,1.167610021496992445e+01
1.186886867415561930e-01,7.169357536072311632e-01,2.559270175423544735e-02,2.871120201331966992e-02,6.412595340771491959e-01,8.778411676247156459e-01,1.085812116491520918e+01
3.269462871656322323e-01,2.401769586060150674e-01,1.866071120356634916e-01,2.879751000819184004e-01,7.730046011467871514e-01,4.590282043128875999e-01,1.150786145081269396e+01
1.588220699463929186e-01,2.864906976453602816e-01,5.077366087824743968e-01,6.914993587966412614e-01,5.954561006988676741e-01,2.012289042947642548e-01,1.192672159722510372e+01
6.267874296705613357e-01,8.470094884655609002e-01,8.374763623294504411e-01,8.761747507494169751e-01,9.681476435656864998e-01,7.554770250652657060e-01,1.260160791204462072e+01
3.701537317057979060e-01,7.078524255194351689e-01,2.983965952072227257e-01,5.373142146681864073e-02,9.158479771106567968e-01,8.255117807749257075e-02,1.153464513195287644e+01
6.903039584453304345e-01,7.505214201302673471e-01,2.689379660221724588e-02,1.566144970813391213e-01,2.087586397314261655e-01,4.991940093178248716e-02,1.122999770139380793e+01
3.014835086754907856e-01,9.707473210373513961e-01,4.689873457081517039e-02,4.244000408136365809e-01,9.731222418277775121e-01,7.790186647501450290e-01,1.184801208064529554e+01
2.635190479234096328e-01,1.848443408632556295e-01,7.208830003962429789e-02,7.287480065067560853e-01,9.257055558904890846e-01,7.150270268268885676e-01,1.170287328353027689e+01
4.725726057374709521e-01,6.118068384127862691e-01,6.841972281233876796e-01,1.661243235805553997e-01,5.151775898892029248e-01,3.990998750625180946e-01,1.202788545522672337e+01
2.959036730065923715e-01,3.701654936240894589e-02,6.927523297880997522e-01,7.977036383150453158e-01,6.094590818859350057e-01,5.934700874087139866e-01,1.149525246083749508e+01
4.623784779816897395e-02,5.780916143704728505e-02,9.368550175825876014e-01,2.569986331991751527e-01,6.699976632756065031e-01,6.792514081105438528e-01,1.052249422042157079e+01
2.921789120328540657e-01,2.995299169415026608e-01,2.006139134383455591e-01,5.955906818032820071e-01,3.977760370959105840e-01,1.220619585749090907e-01,1.155803594622251396e+01
4.221090816274056801e-01,7.795724537779028518e-01,8.256204519071522752e-01,4.043337646339079106e-01,5.668268290088790407e-01,6.461166330867915697e-01,1.202089971174013527e+01
4.208350666910506410e-01,4.133969465098704665e-01,3.632782846245081743e-01,3.338321352732651626e-01,6.192864321798603466e-01,4.325733880142825782e-01,1.110211322082758123e+01
1.115250436049474159e-01,9.027691501534158558e-01,4.487464039238641123e-01,9.062430930482087144e-01,5.762982204256564822e-01,6.814922770904324745e-01,1.215808435417053524e+01
4.176736997412218155e-01,2.980653965921398196e-02,4.767002316908035553e-01,2.794962910887195395e-01,4.671428075024445237e-01,5.871958859286756649e-01,1.091499456915996724e+01
5.033035802976765227e-01,7.370409446879995219e-01,3.934421864046310224e-01,6.133538214785528853e-01,3.728639977181740228e-01,5.426420059686294373e-01,1.159121025860943099e+01
9.349412566865610286e-01,3.019251869000549870e-01,6.365407439461924222e-01,1.087139552384697172e-01,2.565544914022730438e-01,9.444696082587403785e-01,1.065894874644488333e+01
1.378871558423009347e-01,1.349171047441517501e-01,5.690109102966957044e-01,4.346885747040766246e-01,6.254442440074509113e-01,5.323900839193136392e-01,1.135312934869006973e+01
9.467365520895135722e-01,4.399470031879512133e-01,8.896542054247811304e-01,3.797908947934202084e-01,6.215407025608878921e-01,7.952468126961487194e-01,1.223821167898749174e+01
2.153980187932916790e-01,9.675380043613800440e-01,6.886373597208015340e-01,5.428236645290032136e-01,7.633033598661390640e-01,4.818795362466460341e-01,1.131401388053536650e+01
3.839370993704628310e-01,1.063030362157412201e-01,2.974121016278624685e-01,4.285330198939233393e-01,4.995063152530360151e-01,2.313824695006360121e-01,1.065942510848450375e+01
3.551365510306678797e-01,3.782780328849600915e-01,4.401742278834448463e-01,6.210760140482620706e-01,4.331417078138158905e-01,2.347085079697135424e-01,1.126065325402240802e+01
5.630223175433712868e-02,4.719240227454536418e-01,5.647277745861134512e-01,8.749546348145649244e-01,2.148670750370170746e-01,6.038852078467754625e-01,1.061533360659928249e+01
5.999207405384212599e-01,2.560851895851924409e-01,8.981502177000727505e-01,2.725954498514504554e-01,6.181622557365671344e-01,1.491861876360411898e-03,1.177880652739637313e+01
5.021032304572226046e-02,6.254775079654318892e-01,4.665476267663573040e-01,6.503030599440199344e-01,9.802950889245707344e-01,9.449299010182423686e-01,1.182705199648010463e+01
9.914143398841568366e-01,4.946716755084648032e-01,5.397891629986482087e-01,7.839242184103595301e-01,7.611374099224123002e-01,8.870569754580374111e-01,1.216003859558806965e+01
8.262190763402710303e-01,6.794198683117136373e-02,4.561598100996784311e-01,2.219092274858081026e-01,5.022145752810829311e-01,9.467965720815859632e-01,1.148508344771436818e+01
3.239192842823570562e-01,9.821763492746433677e-01,9.406002561115012206e-03,1.788987273163957781e-01,1.497423381295583944e-01,9.926337348380089853e-01,1.145013462352284961e+01
7.228332276100056797e-01,9.247052015778827183e-01,3.852991538528145465e-01,7.922246109043978857e-01,9.190290705287771367e-01,5.267357896260103090e-01,1.254501226471986541e+01
3.258756462906269302e-01,2.419724481875988875e-01,1.452440049349069673e-01,1.040699175094849105e-01,2.741881801122724172e-01,5.094608205628704534e-01,1.113172965088132393e+01
5.256520546955950612e-01,2.979970788669591419e-01,8.440341496780574548e-01,2.964915079965051437e-01,9.416036110106715817e-01,6.204577417986141263e-01,1.147532254925596185e+01
2.013924676885520126e-01,2.500610296487190132e-01,5.849880367761809419e-01,1.923691312139306220e-01,6.312790684701952149e-02,6.251724254767876410e-02,1.061675782594958228e+01
5.152350642840639594e-01,9.069048009535687349e-01,3.517064875062091422e-01,9.996157454675407283e-01,9.576992310765363170e-01,9.624567065255029696e-01,1.325240749273538654e+01
6.205251044945591099e-01,8.788140721768363806e-01,5.472441016838091032e-01,9.980938964256179657e-01,9.492433064828207367e-01,5.065700717137577858e-02,1.273124601813473156e+01
7.429248817488077750e-01,1.800589910662317994e-01,8.298946682781431772e-01,9.284937943329510945e-01,3.008315455733142629e-01,8.555834036623040095e-01,1.143581984923771344e+01
8.104443371162265430e-01,8.861010723117183074e-01,9.304397341395915788e-01,8.644444190797554439e-01,6.451442025488587362e-01,6.398620062767979011e-02,1.262487618479159934e+01
2.936775768080202020e-01,6.592775306155783666e-01,7.991787721480443363e-01,7.874537935539220879e-01,1.427602868012532999e-01,4.806671607363888210e-01,1.120655326692145159e+01
1.941856252949332173e-01,3.246570050269503849e-02,1.482741354240789677e-01,1.081865519457243519e-01,9.333553149648354808e-02,9.906057938880836744e-01,1.014220951663653736e+01
4.582465180165173901e-02,6.524187824702325500e-01,4.071458927267547212e-01,2.901629112244369368e-01,9.304303447249218095e-02,3.067070156788457291e-01,1.128181228733039454e+01
6.422564283081655390e-01,4.842452037370277296e-01,5.276016229960944770e-02,5.373749331503339111e-01,3.055100437425943838e-01,8.157217124791545926e-01,1.072401858468434632e+01
5.133282740206984718e-01,4.678479874287319040e-01,3.866657102915279642e-01,8.381140400376140276e-01,3.601817043739226065e-01,4.698065216459356153e-01,1.157738852999170653e+01
6.160026734991694841e-01,6.159243150218928209e-01,5.404881264070767743e-01,5.193349794985109291e-01,1.717858462288229804e-01,7.747176177099297512e-01,1.170327562381041275e+01
9.164541281137563722e-01,3.130485315169446725e-01,4.846343573726633602e-01,8.761119653601880941e-01,7.502256215139694318e-01,3.902843355688490057e-02,1.201136147927286757e+01
3.517945046007886489e-02,1.393543465065705256e-02,7.146732789304178768e-01,4.827895769696222139e-02,6.053398516970617260e-01,4.118205538704400315e-02,1.076108311018498576e+01
3.487401831142068476e-01,9.597539931163721061e-01,1.902156193023044617e-01,5.477104996885950872e-01,1.883877789048290508e-01,4.010156102316972948e-01,1.159122253375793044e+01
3.526313662814911654e-01,6.615662114303895169e-01,8.399017600876654832e-01,9.359476391414441876e-01,6.785703499015738327e-01,5.664681601284620172e-01,1.151954006025684940e+01
1.172236997421836069e-01,5.235685119597599524e-02,5.622551885297700780e-01,5.469215872561450364e-01,8.460196529743241323e-01,5.008318599216621259e-01,1.180983195908210348e+01
9.499760034434198142e-01,9.266815173461665500e-01,7.026152382872963287e-02,9.107648943994335333e-01,1.259946230974073877e-02,5.133563608309787973e-01,1.136664684627687372e+01
4.283510123607378040e-01,5.631319428052784515e-01,3.378502630489974567e-01,4.360595765816742686e-01,5.966789350240293555e-01,4.775087103414916712e-01,1.192684515203387363e+01
5.217986612603201513e-01,8.840671347901853938e-01,2.440758371698660278e-01,5.175911006304569906e-01,5.149966768118902083e-01,2.646143376591438834e-01,1.210544706177323526e+01
8.733287928898937347e-01,7.459142810975749605e-01,4.406478021207281826e-01,8.912744327205469608e-01,7.579470020390280949e-01,6.244822534965457361e-01,1.190396716679493849e+01
3.160683159782885499e-01,9.147026261670765379e-02,4.772777923215520968e-02,7.242019621594630863e-01,4.826928798069353155e-01,4.016206510820059528e-01,1.157445025189832677e+01
5.886675723443983710e-01,6.234589771539060798e-01,8.602551394257355044e-01,2.071469633744307259e-01,4.191526517470707258e-01,2.913125497753701332e-01,1.139057112867628696e+01
3.495453672498746167e-01,9.735490817245432416e-01,7.711551901070538007e-01,7.496065499268649290e-01,3.596526902307073392e-01,7.030904586943313994e-01,1.186279609320438055e+01
4.497310560943766911e-01,1.723072454460706782e-01,9.920480478701884097e-01,3.756485299820749857e-01,8.140687245391577953e-01,7.087745740043698284e-01,1.195392302707203314e+01
3.816029087022982935e-01,9.460589631644842346e-01,1.972662317522047015e-01,2.169074306827822873e-01,3.028918652484647867e-01,3.174551549712814058e-01,1.132801041008477405e+01
6.528773276467381148e-02,9.805423870307318213e-01,4.680950471483448228e-01,8.066787187919775004e-01,8.360635423208315764e-01,1.868288741105580408e-01,1.242934343128283814e+01
7.513023625560709684e-01,6.240106117038668465e-01,8.689479708635455824e-01,4.280938445589224095e-01,6.189177787299340316e-01,9.820882262691134068e-01,1.192873854443225490e+01
1.683571092222256871e-01,5.072928702931381872e-01,7.460112231374438352e-01,3.735539147830813089e-02,8.919593550891221634e-01,8.252843787223527183e-01,1.157409048293352782e+01
3.248071831845305013e-01,1.003121355681574345e-01,4.857749223666901761e-01,9.413929405973208153e-01,2.059740035050532381e-01,5.375730871707952163e-01,1.142667370643456870e+01
4.200654275199350307e-01,1.114630652875874262e-01,4.476277948240826587e-01,5.053612597391441419e-01,2.829569829219946708e-01,7.977580736340539325e-02,1.132362843585603329e+01
2.155275655224906384e-01,3.135775010312521482e-01,6.863185102441371477e-02,4.318392244208815178e-01,8.536878919082149242e-01,5.735723819276105084e-01,1.095613211760509387e+01
1.098733648953174047e-01,4.334946919581518232e-01,4.542323860872832242e-03,5.501289708839270931e-01,3.582425090220964226e-01,9.373042099843192920e-01,1.172041057664671371e+01
7.225352012089791831e-02,1.569905493792214113e-01,4.471476601368776782e-01,8.123618827980765289e-01,3.154571850366851837e-01,3.056634050610695930e-02,1.132718017901226482e+01
4.753007468552675752e-01,6.974710598459776811e-02,2.358642443176225401e-01,2.147890990713249293e-01,5.198744477580264922e-01,7.432108252204160381e-01,1.005510708896309779e+01
7.998326324502283979e-01,9.672685105446233722e-01,4.347604604578925169e-02,3.359611694994748543e-01,6.395528257764214741e-01,6.892771555858925314e-01,1.224357508845917053e+01
7.714461132343465311e-01,1.327340954285616270e-02,9.126650617660406750e-01,9.867087188490558658e-01,8.670759165101763477e-01,1.024710597157355574e-01,1.192295218317342709e+01
1.548111653394279585e-02,3.196072588891086808e-01,3.019609462488604956e-01,9.198743151458953493e-01,4.555391681997378317e-02,4.859199387462513897e-01,1.030571610028115437e+01
3.458660514887634818e-01,4.619182793417678790e-01,3.005171269694534297e-01,8.977316929729157735e-01,8.430587940760637666e-01,8.874742830114272785e-01,1.179200736971305652e+01
3.500055189676654077e-02,2.301535537433123668e-01,2.719046459771801150e-01,3.667320346292143318e-01,1.870264661134689588e-01,1.771375072003159579e-01,1.088576367756017582e+01
9.800047875995584468e-01,8.460556343286734782e-01,7.216226149215698715e-01,5.524451285993016159e-01,7.977211229472719323e-01,1.036858391033658178e-01,1.257130317521097140e+01
1.128633184883883755e-01,2.242491120208864874e-01,4.466127166428951467e-01,4.372730158548919777e-01,6.455784646681439476e-01,7.868813753801396915e-01,1.191827251469167770e+01
5.207806917879223008e-01,9.955433017804833362e-01,7.092127377538974820e-01,8.046847272591328704e-02,9.132070923520687611e-01,3.398574906770351900e-01,1.180831511304769599e+01
3.370451113961683287e-01,2.876794343576852819e-01,8.320579815718516237e-01,6.212241189300786726e-01,8.786917314149984559e-01,9.098020865684393055e-01,1.193840869917251624e+01
7.349712566668301639e-01,3.012494040817401686e-01,5.973539732711085071e-01,2.174652194259674154e-02,2.904567207315792432e-01,7.524540684026729265e-01,1.093248696191924374e+01
3.341028741214576714e-01,8.868848216867705192e-01,4.751472870482220667e-02,1.629639841972052583e-01,9.177619998812888147e-01,7.041639714743711531e-01,1.242809939001167230e+01
3.883546348422176608e-01,3.163976226379452417e-01,8.624501087234642815e-01,6.649700265005761279e-01,6.464409051976488518e-01,7.052310752193009513e-01,1.139695936617748018e+01
6.435742496976670779e-01,6.112980491160495689e-01,2.737383510525229768e-01,6.099661888177368985e-01,8.345231018141470170e-01,1.317499193581147532e-01,1.182183483896102061e+01
3.132887375727343438e-01,4.112726590875682708e-01,4.859682519397856559e-01,8.304435854730410904e-01,7.586866429762587627e-01,9.105939051772790060e-01,1.157958963032441879e+01
9.350913046398557915e-01,7.275795956147078636e-01,4.094034687692836849e-01,7.393577549910645974e-02,7.186247803747377594e-01,1.481924723928602639e-01,1.120147575922011818e+01
7.374168574434087908e-01,1.150964179410116639e-01,9.025169748860031316e-01,2.481821638505561367e-01,9.742632529920658424e-01,2.659451459263940665e-01,1.192225264583794875e+01
9.209765636387441390e-01,3.838147618669597305e-01,5.179071860472804767e-01,8.334432732009661171e-01,7.421646631479549283e-01,5.042131963441341957e-01,1.106799697092039381e+01
3.052615156482665348e-01,8.273219911753293410e-02,8.402521911881761785e-01,3.280763842831394550e-01,9.649601261697831056e-01,7.335966786086290936e-01,1.150938820025874776e+01
7.607091435878254870e-01,6.841726602143684000e-01,7.454329120627267713e-02,6.311526757973764390e-01,3.770206564450075959e-01,8.644027641418430274e-01,1.140314048356333565e+01
5.979479465341003275e-01,2.301528983851920396e-01,2.723586115656736473e-01,2.476643270398340979e-01,9.009036357692562502e-01,7.049571823074229915e-02,1.135608889164334379e+01
7.577379812212672316e-01,1.176872050533668279e-01,1.213787166063793332e-01,6.154680014324399595e-01,9.801644238377571483e-02,4.995404606751626675e-01,1.068429190043205956e+01
2.607666406914022073e-01,3.987079488223225221e-01,7.816497426944786220e-01,1.659877629881499894e-01,3.550971034287273564e-01,6.678075602533382060e-01,1.098579004088370681e+01
2.666433773709364630e-02,5.086621614770591160e-01,2.211294685505557078e-01,7.967925677850626887e-01,5.602953315624458197e-01,6.403608117636983010e-02,1.088657196359318746e+01
9.782828081342983539e-01,4.155541506357025572e-01,3.059582483485155935e-01,1.094818191284476772e-01,9.016577066374170668e-01,9.852145806120607974e-01,1.219727607920817647e+01
9.383506383619696356e-01,9.758586900763532856e-02,5.852928476823935355e-01,1.418765805432998794e-01,8.190678039818632961e-02,6.879968441734410911e-01,1.143066836707350298e+01
8.873860005076599222e-01,3.280442888008842095e-01,3.127942379745053403e-01,6.394866252933830708e-01,4.542931581594243928e-01,4.121423450606995775e-01,1.160567598070475448e+01
6.851001464175706657e-01,9.407445846311931481e-01,6.429816270625066110e-01,7.469496767284000693e-02,1.744431554178378363e-01,1.340518508878492110e-01,1.112851481548618970e+01
9.118498235961947085e-02,5.457604591783238313e-01,8.302415332739963016e-01,7.697430255373285402e-01,4.098985744151374400e-01,3.135487957729438113e-01,1.138658709642514388e+01
7.661093225853776723e-02,4.324314738685721693e-01,1.175311836326945469e-01,5.342475984362293762e-02,9.040408826087311667e-01,1.747708203230978752e-01,1.082255754022257399e+01
2.018775757404817073e-01,1.620055744458016589e-01,2.630290546835437615e-01,3.869005998162007298e-01,5.229143925416585015e-01,4.582955759626068382e-01,1.123995568890457619e+01
5.827612120374764393e-01,1.648250969243302277e-01,4.708999372346531764e-01,5.311836733249858389e-01,1.435973290149876735e-01,4.971899443963287979e-01,1.105083721467092595e+01
5.713414596666153145e-01,1.722501858052333246e-01,6.074423625987954711e-01,8.969921298764438333e-01,9.193791408996393466e-01,8.292043941434498189e-01,1.191450789747851680e+01
6.029139695882241856e-01,4.090037538097210934e-01,8.244194534450969281e-01,1.200529023871252932e-01,1.642295081584996819e-01,7.250895595721995601e-02,1.068411686422479256e+01
7.884149564769846741e-01,1.148301122481280023e-01,7.972230113835880871e-01,9.301009337701460211e-02,6.826098384937712149e-01,2.467180978394123425e-01,1.124282792197599257e+01
4.697219667563755641e-01,1.390781431968125537e-01,4.390362201003629172e-01,8.788282150586508301e-01,4.399457964359054785e-01,2.888378109646254632e-01,1.081916473051782468e+01
3.315127399644063333e-01,1.715179849689254521e-01,7.066584105317074149e-01,9.906603355360599217e-01,2.161108102468718428e-01,3.692802728539491541e-01,1.114904636947260030e+01
4.555196653234048210e-01,1.945167770313817046e-01,6.913041707144181869e-01,4.742952541398464117e-01,4.443469413712652916e-01,1.746843556517996277e-02,1.128506096825646132e+01
6.862323037392845659e-01,4.462620652476501082e-01,7.995723787770722124e-01,2.245513826560366910e-01,3.496962039414110990e-01,3.464149832540154295e-01,1.119672258137923215e+01
4.381223836192599252e-01,7.222491228635232741e-01,9.396706517424417981e-01,6.594964453051223030e-01,6.638640132288249340e-01,4.958151674700774780e-01,1.260861372245063805e+01
2.571970141634537521e-01,6.260324259407219483e-01,7.124689276521795067e-01,8.969807510101557302e-01,9.012774498472500007e-01,9.235929000940747979e-01,1.259506092088525797e+01
5.936692004902858200e-01,7.727994239018081135e-01,6.342376509543198315e-01,6.995994450702436307e-01,7.903205607610027661e-01,5.069975685212361194e-01,1.234833653348493954e+01
7.279667044518195462e-01,2.467119327633446879e-01,9.335686794874161754e-01,9.905521947671609428e-01,9.926824147552403277e-01,5.442194679286521675e-01,1.204929509437530122e+01
7.289103630903600584e-01,2.482145243332597451e-01,1.936172986463483570e-01,1.339856088462415551e-01,4.592234508261557879e-01,4.745598043824547085e-01,1.139909389285020502e+01
5.801137744045147260e-01,2.416917418082028535e-01,2.450262680212961230e-01,8.831129957712091638e-02,4.263512289519387766e-01,8.662397903120881981e-01,1.078726668830992352e+01
8.405713252866028329e-01,3.177240882421425994e-01,8.808502843806972349e-01,3.413069554539946981e-01,2.254074545074697955e-01,3.672016341197774647e-01,1.147194351794190048e+01
1.364409351154494132e-02,3.583458158941655869e-01,9.198945683457850908e-01,2.391669107303572295e-01,1.836114903270384957e-01,1.918624913160508205e-01,1.074041431412100600e+01
1.550531330996154367e-01,7.705060966164837266e-01,4.314368590807685644e-01,8.608453595444659490e-01,5.070431701815488745e-01,9.026879618072165545e-01,1.116930735314387846e+01
3.989835246370286859e-01,3.311358226454292897e-01,9.819389352220391221e-01,1.271352678271338021e-01,6.580188841946995604e-01,9.780149099775401478e-01,1.162234171314156050e+01
4.750921393045879348e-01,3.234299029849602158e-01,7.992828573215660093e-01,7.852377261553034060e-02,8.425867583723656296e-02,2.873795409775006249e-01,1.054678994266530978e+01
8.212384188681599584e-01,7.440342777203233782e-01,4.542729796653850460e-01,6.171617509948651437e-01,5.394188836815416721e-01,9.835370217746244315e-01,1.157374877929354184e+01
2.824732414485289222e-01,3.042076558821658061e-01,2.672667065405130993e-01,7.579749612796055080e-01,5.010280444582427828e-01,7.121041635142104642e-01,1.141814144192717428e+01
1.872888679354006713e-01,6.671949239605479143e-02,3.866997426419072070e-01,1.385092151008355810e-01,9.672309118442615761e-01,2.673559085224089804e-01,1.157531130182801782e+01
9.652260036406556942e-02,3.105230479468624738e-01,3.623891839185168218e-01,2.980634298955020522e-01,9.102021982581067761e-01,2.468346454062072537e-01,1.114361900516132664e+01
5.980805592133408011e-01,6.507952156840021152e-01,1.478011625038653243e-01,7.598945153693029697e-01,7.171903435441794317e-01,7.152164699581049501e-01,1.168347395121907084e+01
7.837849088533341835e-01,4.029521306584284979e-01,3.197139626704997850e-01,6.077882588158642907e-01,2.388846176553141021e-01,9.616154654186057638e-01,1.152776097232167629e+01
3.297162602018846034e-01,4.334522630696784340e-01,6.816691800869538742e-01,4.876166833917258137e-01,4.911713425554687928e-01,5.763281347108543118e-01,1.182918360733619423e+01
5.040945427930575429e-01,8.928843781730505524e-01,1.181330758843935902e-01,7.660044288549970881e-01,1.574044389263447030e-01,3.784054611246835398e-01,1.182585302182574161e+01
5.837192580862543556e-01,6.471251025754182207e-01,5.375347624847864880e-01,8.394285753196919497e-01,6.520454075037530606e-01,4.969742021141076993e-01,1.169296411104019739e+01
9.023536759272074992e-01,7.132218611129508279e-01,1.798650565547083024e-01,5.502551876631471828e-01,4.223543591325404911e-01,8.667352779437054178e-02,1.217762898085352852e+01
9.563481020230427676e-01,9.838818708875484154e-01,9.843881355874672945e-01,8.480743888979549450e-01,2.651322361919637993e-01,4.526005733361171401e-01,1.251044617223528910e+01
8.511704413070086961e-02,8.129365613135862700e-01,5.210438139996239615e-01,5.875296728630206022e-01,2.019745330705661202e-01,9.445583055844957165e-01,1.145527860142165189e+01
6.284657173949763642e-01,6.308978608500626084e-02,6.017934885992659577e-01,4.072092353618760319e-01,9.069995727580196787e-01,9.042432660710474357e-01,1.155828353431613564e+01
3.825007379810865249e-01,5.217110039057648585e-01,3.559973374560988502e-01,3.727451180204750525e-01,2.647331159865716765e-01,3.170049269711342488e-01,1.076149860339901920e+01
1.989309332331450353e-01,9.611069779431831162e-01,1.884858049118168788e-01,8.437095247323579406e-01,1.579604143866756294e-01,9.541390647672062242e-01,1.189142871243365640e+01
9.436013272305280308e-01,9.388789934673495985e-01,5.720576812380201437e-01,3.378394504866158998e-01,2.082516281367167155e-01,4.751186977935873967e-01,1.211370416165657637e+01
6.122068885460262289e-01,4.671353868185511571e-01,9.479670105262871793e-02,2.571350139514211319e-01,8.933606969823020272e-01,6.657429552597760036e-01,1.196309158519343541e+01
9.465991833334320704e-01,3.589384350914681665e-02,8.882307687478321334e-01,6.671426659528627567e-01,3.550346710939956685e-01,3.604595247698150207e-01,1.143873195837502088e+01
3.610710086464775648e-01,8.833516977723399055e-01,4.202179379468087284e-01,6.997393400353557613e-02,6.636868265032691561e-01,4.414839618272996535e-01,1.096656540077443154e+01
1.032345563161568558e-01,2.952658698067438525e-01,3.430640061876831792e-01,1.673852893631430083e-01,6.241249196385255660e-01,5.114401397606387345e-01,1.118479049016768734e+01
5.280396233498978464e-01,9.427707165036226522e-01,9.244643917909156627e-02,4.990278210958343230e-02,6.741507943736008146e-01,7.360202722363405892e-01,1.146179062925109093e+01
1.643161532159470584e-01,8.864146901663282341e-01,7.075102972545400659e-01,1.123614514114849028e-01,7.594313491173593222e-01,7.431386721376898041e-01,1.136895721646656554e+01
5.604825068235392838e-01,8.135758997105847490e-01,4.084014248035992001e-01,2.718589975115176527e-01,8.632190905762927580e-01,5.856699528744510053e-01,1.244962815350669771e+01
1.796732407225163364e-01,6.269702035692165110e-01,7.342857199443866278e-01,7.126544440003835801e-01,3.233639670569152802e-01,2.095124360281230835e-01,1.161944364905256499e+01
1.786728838100276606e-01,8.169850827465559018e-01,6.351709278894914767e-01,5.927410664565533338e-01,7.560434956025896547e-02,3.222416078916799931e-01,1.107207443160841365e+01
7.266435372325131814e-01,9.359441954883532810e-01,6.482860483852969091e-01,1.695194384651236286e-01,9.671934089818969849e-01,6.377447397247681948e-02,1.226730855446602142e+01
4.861130978712664419e-01,1.671004315989188527e-02,6.614035988478420558e-01,3.911362127129868194e-01,3.848790393296198653e-01,5.831170291105580716e-02,1.125538533631705107e+01
3.599901032316905614e-01,7.417878560136610400e-01,8.539436685619301581e-01,1.156768074321748996e-01,5.211912007990626705e-02,2.469851737117878532e-02,1.082275753483579273e+01
5.732118535325417819e-01,6.739575888646158752e-01,5.812806520885301920e-01,6.032407613826502590e-01,2.096670139288269175e-01,2.309482514165936973e-01,1.144490735712935248e+01
3.012555145199652396e-01,9.693201953610975918e-01,1.725246779046182288e-01,9.604771366093858287e-01,8.547458205842859424e-01,6.940553845236588915e-01,1.235044974572393883e+01
2.435858380518256538e-01,1.655349918416501032e-01,5.608899376044796936e-01,8.299574930705527764e-01,2.176149411142873635e-01,1.530632591011762411e-01,1.073262228672031604e+01
9.250114261585524744e-01,6.281897888525667106e-02,9.038408927698545758e-01,9.073466689134700447e-01,9.651142937029510982e-02,8.687993812634964286e-02,1.146989602591139423e+01
3.075552930188993894e-01,7.137462203047660880e-01,9.424228150623062961e-01,2.766757901615262139e-01,6.827220412103993663e-01,3.099234637094766542e-01,1.203532565368927898e+01
9.643363274302556576e-01,4.904962511805599501e-01,2.257910845169763814e-01,9.294471375172641547e-02,6.822090123893512770e-01,9.274684006845890227e-01,1.176081886151192712e+01
9.766346649936931135e-01,7.867164821702017363e-01,5.379045178855698106e-01,2.544767508454560678e-01,2.111711539236977853e-01,7.756690803482505503e-01,1.167445337741414235e+01
4.188474682338485522e-01,6.349741496793043227e-01,8.293268511995965930e-01,5.513561014765164803e-01,8.127574837331923430e-01,7.110159678139452710e-01,1.226485531105733351e+01
9.411339643508319641e-01,9.992253235448158577e-01,8.354576491323586485e-01,2.196571259995820924e-01,7.022630758911989624e-01,3.474517752796490999e-02,1.189357775472867829e+01
1.613650275394196143e-01,8.104079842698030944e-01,9.319140651942258158e-01,9.102476030465344037e-01,5.216104859346838429e-01,4.000292017879873985e-01,1.259122262835778194e+01
8.690846999300907427e-01,1.057273701933953980e-01,8.496694033219281961e-01,6.195556846490894998e-01,8.627403176994065115e-01,2.973148616577913073e-01,1.185479308450003089e+01
9.053024284510062802e-01,3.901096241263863895e-01,1.702419013041966966e-01,5.259458267799671516e-01,4.335844472809132766e-01,4.532466427322363600e-01,1.089765791427883102e+01
7.987092557121204806e-01,5.471594239382185920e-01,3.843905202438792079e-01,6.636516415495872234e-01,4.051956590086472909e-01,6.054184332741628927e-01,1.142420129026788800e+01
8.355635568739554486e-01,1.792706149649950786e-01,1.112820139547857634e-01,8.292156176403128187e-01,6.828927072704571444e-02,6.989169053583134117e-01,1.139459272396106293e+01
8.013094104710993815e-01,2.034749409470967274e-01,7.216042830797020358e-03,9.160067724731807415e-01,1.555562668384153913e-01,3.772275859902846085e-01,1.168919169399728730e+01
7.548039903888666968e-01,7.980112593085132433e-01,6.183285741126651747e-01,6.976387857790011804e-02,2.612253945570063296e-01,7.276933211298282078e-01,1.164092305478738076e+01
2.035820568945969633e-01,6.874503178456803365e-01,8.837051085075211532e-01,6.534444710616649221e-01,1.231543031563941959e-01,8.531825151009295727e-01,1.153566045085021230e+01
9.954830153653680958e-01,8.138217555236409995e-01,8.393747740256780610e-01,6.444181045127962415e-01,8.063694595961313771e-01,9.262623643511301852e-01,1.238007306554750464e+01
7.969938986872675546e-01,3.303337871631593092e-01,4.716210928815001147e-01,5.123100162445251016e-01,9.069023635778447057e-01,2.392050375375770477e-01,1.148640188432920439e+01
5.510209648291584106e-01,2.980946825316590498e-01,4.254814025664087618e-01,8.001981450585196054e-01,9.270343475459387195e-01,5.898844287049317403e-01,1.194230749369406652e+01
5.694618546526413194e-01,8.327136779366670627e-01,4.701887414435671486e-01,8.950035877399731277e-02,9.626842938679665007e-01,3.469320728741788207e-01,1.173206682656877042e+01
9.708190442116324537e-01,1.163094117187178922e-01,6.361674424613764645e-01,5.708051641859713810e-01,1.160831561729936956e-01,7.747763347265302913e-01,1.049994516680614431e+01
5.158444420373556882e-01,5.321554597490646410e-01,7.154611508119275154e-01,5.970176359927539256e-01,1.507205201459109745e-01,6.627930506961899892e-01,1.151021061016629510e+01
3.490767229488258572e-01,5.324042455663978712e-01,3.184647007095400273e-01,8.384089632566597006e-01,5.453822313165563873e-01,2.731068953391047049e-01,1.161363223418092794e+01
2.705004571595780449e-01,9.857675956464885259e-01,7.660979768766873477e-02,4.643741622437641547e-01,8.506580830399361748e-01,1.759938470211730444e-02,1.156972147502612991e+01
6.565995914669154887e-01,1.442473508202392063e-01,6.273102255658562498e-01,7.410192436528558746e-01,1.435312144911989884e-01,8.627986302193962898e-01,1.033391743412358998e+01
6.114304050692801473e-01,5.685703741819323476e-01,7.289336946030959830e-01,8.288904856023671108e-02,1.342866292188452659e-01,8.134251561858915069e-01,1.103117532542156987e+01
6.110050392698280763e-01,2.214725559473003091e-01,9.742504421394811986e-01,2.465118607928886707e-01,6.112309587974519287e-01,9.112447063396287295e-01,1.106202694650445295e+01
7.550830989927037606e-03,9.504982039931516580e-01,2.126956654754206255e-01,2.364865788947043690e-01,9.401213904088334683e-02,2.192669244695296671e-01,1.123150458113775407e+01
4.335857975744954462e-01,7.610804455196741314e-01,1.128342236571578949e-01,5.307420768225556973e-01,8.852078810799212105e-01,6.034644391778065664e-01,1.140620302235076622e+01
6.839201581022752441e-01,4.195273149649680899e-02,2.406433774770888601e-01,4.936435068825891781e-01,7.211371262923524927e-01,3.951745202189780315e-01,1.168214736034911283e+01
2.447890904808045498e-01,3.768445775049122926e-01,1.843051980586891681e-01,5.764756790125760144e-01,8.978986688754048151e-01,4.413430850160529051e-01,1.186331017459703752e+01
9.319088034576127333e-01,4.333639173609044049e-01,2.940310487832016317e-01,2.013132442824994150e-02,9.674376998173083164e-01,3.429748578673109671e-01,1.116550165214416346e+01
2.335277104291580974e-01,2.462173554792702612e-01,5.384601852458927862e-01,9.858815774001001841e-01,6.324715996584575617e-01,6.501247034142497716e-01,1.124386508418519881e+01
1.999886215295025860e-01,9.301023841907138934e-01,5.911953373951295276e-01,5.742840916804760054e-01,2.960232866522982675e-02,5.992156794523063601e-01,1.134311320009560120e+01
2.817373649970640326e-01,5.677468176855893223e-02,6.902569527379361913e-01,9.279866354295882580e-01,6.500487055614871945e-01,7.504252203848470471e-01,1.152917639747922074e+01
3.055376786148688018e-01,3.766497753254408609e-01,1.534821719417964747e-01,7.598774786912415591e-01,3.982110205957912763e-01,7.417008461764629246e-01,1.083920145964670745e+01
1.382566906388426053e-01,9.551581740858485770e-01,9.868335545534557829e-01,7.926674850865443878e-01,9.935911249017825853e-03,2.977778723032263875e-01,1.217964900480257207e+01
6.591862653559388274e-01,9.765352010279739758e-01,8.853372580329189612e-01,4.451365681385667239e-01,9.112284532739679532e-01,4.088480925341706484e-01,1.249673775108518825e+01
8.092011947530208804e-02,3.058151337242787093e-02,7.473242113350345717e-01,3.189577541803367833e-01,7.344796793202497120e-01,6.935455857085057740e-01,1.096773349840464640e+01
6.135389616794635348e-01,4.250302214930590239e-01,3.654484329969232004e-01,3.308387638898013794e-01,2.634293639788402031e-01,2.968656700891965095e-01,1.079938266499653921e+01
4.684991355641066058e-02,4.336132748281139593e-01,5.248612127067222577e-01,4.627624221147046413e-01,7.007420163520546863e-01,4.392605127063585746e-01,1.134977037570181935e+01
5.853831466148614604e-01,8.182378316043303901e-02,7.874636022476924069e-01,2.027843125095862842e-01,2.992038525729521226e-01,4.315431322926672753e-01,1.163930888453189993e+01
2.427002857155463600e-01,2.630211099739530045e-01,9.414699201972064335e-01,4.507466747328857659e-01,3.024441801413535469e-01,8.722804652698529226e-01,1.109611914138949906e+01
1.909106695868891812e-01,1.300752392386304024e-01,8.266744124466008925e-01,1.507216283680594682e-01,5.418713598387090435e-01,4.502561359891268378e-01,1.051357787140895717e+01
